Turma ID,Turma,Curso ID,Professor ID,Capacidade,Matriculados,Incluir Alunos,Sala de Aula,Status,Tipo,Tipo Frequência,Data Abertura,Data Início,Previsão Término,Data Término Real,Matéria Atual ID,Próxima Aula,Carga Horária
'426,20/FMA 06,52,102711,45.0,0.0,False,Sala 02,Concluída,,,2020-07-08,2020-08-01,2021-07-24,2021-07-24,23583.0,,
'427,20/Adm 10 A,54,138261,25.0,0.0,False,Sala 01,Concluída,,,2020-07-08,2020-08-06,2022-05-12,2022-01-27,,,3780.0
'428,20/Adm 10 I,54,120288,25.0,0.0,False,Lab 01,Concluída,,,2020-07-08,2020-08-06,2022-05-19,2022-01-27,23600.0,,3780.0
'429,20/Adm 10 P,54,151226,25.0,0.0,False,Sala 02,Concluída,,,2020-07-08,2020-08-06,2022-10-06,2022-01-27,23595.0,,6060.0
'430,20/Eng 03,53,133425,20.0,0.0,False,Sala 01,Concluída,,,2020-07-08,2020-09-14,2022-08-15,2022-03-07,23605.0,,13500.0
'433,19/FMA 08,52,102711,30.0,0.0,False,Sala 02,Concluída,,,,2020-08-04,2020-12-15,2020-11-05,23580.0,,
'434,20/FMA 04,52,102711,30.0,0.0,False,Sala 02,Concluída,,,,2020-08-04,2021-04-06,2021-04-07,23583.0,,
'435,19/FMA 09,52,102711,30.0,0.0,False,Sala 02,Concluída,,,,2020-08-05,2020-12-16,2020-11-27,23580.0,,
'436,20/FMA 03,52,102711,30.0,0.0,False,Sala 02,Concluída,,,,2020-08-05,2021-03-24,2021-03-11,23583.0,,
'437,19/FMA 07,52,102711,30.0,0.0,False,Sala 02,Concluída,,,,2020-08-05,2020-08-26,2020-09-04,23582.0,,
'438,20/FMA 02,52,102711,30.0,0.0,False,Sala 02,Concluída,,,,2020-08-06,2021-03-18,2021-02-13,23580.0,,
'439,20/FMA 01,52,102711,30.0,0.0,False,Sala 02,Concluída,,,,2020-08-06,2020-12-17,2021-01-16,23583.0,,
'440,20/FMA 05,52,102711,30.0,0.0,False,Sala 02,Concluída,,,,2020-08-01,2021-04-10,2021-04-25,23583.0,,
'441,19/Eng 09,53,102715,20.0,0.0,False,Sala 01,Concluída,,,,2020-08-03,2022-02-28,2021-11-29,23605.0,,
'442,19/ENG 04,53,102714,20.0,0.0,False,Sala 01,Concluída,,,,2020-08-04,2021-01-12,2021-11-15,23604.0,,
'443,20/ENG 01,53,102714,20.0,0.0,False,Sala 01,Concluída,,,,2020-08-04,2021-03-16,2021-07-21,23603.0,,
'444,19/ENG 02,53,102714,20.0,0.0,False,Sala 01,Junção,,,,2020-08-04,2021-07-13,2020-08-19,23604.0,2020-12-08T19:00:00,
'445,19/ENG 07,53,102714,20.0,0.0,False,Sala 01,Concluída,,,,2020-08-05,2021-08-18,2021-03-04,23604.0,,
'446,19/ENG 05,53,102714,20.0,0.0,False,Sala 01,Concluída,,,,2020-08-05,2021-03-10,2020-12-19,23604.0,,
'447,18/ENG 03,53,102714,20.0,0.0,False,Sala 01,Concluída,,,,2020-08-05,2021-01-13,2020-08-22,24358.0,,
'448,20/Eng 02,53,102714,20.0,0.0,False,Sala 01,Extinta,,,,2020-08-06,2021-11-18,2021-10-02,23604.0,,
'449,19/ENG 03,53,102714,20.0,0.0,False,Sala 01,Concluída,,,,2020-08-06,2021-03-04,2021-09-21,23604.0,,
'450,19/Eng 06,53,102714,,0.0,False,Sala 01,Concluída,,,,2020-08-06,2021-06-24,2021-01-08,23604.0,,
'451,19/ENG 01,53,102714,20.0,0.0,False,Sala 01,Concluída,,,,2020-08-01,2021-03-20,2020-12-26,23605.0,,
'452,19/Eng 08,53,102714,20.0,0.0,False,Sala 01,Concluída,,,,2020-08-01,2022-01-22,2021-10-31,23605.0,,
'453,19/Adm 06 A,54,102712,25.0,0.0,False,Sala 01,Concluída,,,,2020-08-04,2020-10-20,2020-12-22,23586.0,,900.0
'454,19/Adm 06 I,54,102709,25.0,0.0,False,Lab 01,Concluída,,,,2020-08-04,2020-10-20,2020-12-22,23600.0,,900.0
'455,19/Adm 06 P,54,102710,25.0,0.0,False,Sala 02,Concluída,,,,2020-08-04,2020-10-20,2020-12-22,23593.0,,900.0
'459,19/Adm 09 A,54,102712,25.0,0.0,False,Sala 01,Concluída,,,,2020-08-04,2021-01-12,2021-01-12,23585.0,,900.0
'460,19/Adm 01 A,54,102712,25.0,0.0,False,Sala 01,Concluída,,,,2019-01-16,2019-01-16,2020-07-15,,,900.0
'461,19/Adm 02 A,54,102712,25.0,0.0,False,Sala 01,Concluída,,,,2020-08-01,2020-10-17,2020-07-30,23586.0,,900.0
'463,19/Adm 01 I,54,102709,25.0,0.0,False,Lab 01,Concluída,,,,2019-01-16,2019-01-16,2020-07-15,,,900.0
'464,19/Adm 09 I,54,102709,25.0,0.0,False,Lab 01,Concluída,,,,2020-08-04,2020-11-17,2021-01-12,23600.0,,900.0
'465,19/Adm 02 I,54,102709,25.0,0.0,False,Lab 01,Concluída,,,,2020-08-01,2020-10-17,2020-07-30,23600.0,,900.0
'466,19/Adm 01 P,54,102710,25.0,0.0,False,Sala 02,Concluída,,,,2019-01-16,2019-01-16,2020-07-15,,,900.0
'467,19/Adm 09 P,54,102710,25.0,0.0,False,Sala 02,Concluída,,,,2020-08-04,2020-11-17,2021-01-12,23593.0,,900.0
'468,19/Adm 02 P,54,102710,25.0,0.0,False,Sala 02,Concluída,,,,2020-08-01,2020-10-31,2020-07-30,23591.0,,900.0
'469,20/Adm 01 A,54,102712,25.0,0.0,False,Sala 01,Extinta,,,,2020-08-05,2020-09-16,2021-07-14,23584.0,,900.0
'470,19/Adm 07 A,54,102712,25.0,0.0,False,Sala 01,Concluída,,,,2020-08-01,2020-11-07,2020-11-15,23586.0,,900.0
'471,20/Adm 03 A,54,102712,25.0,0.0,False,Sala 01,Junção,,,,2020-08-04,2021-06-08,2021-07-20,23585.0,2021-03-23T09:00:00,900.0
'472,20/Adm 01 I,54,102709,25.0,0.0,False,Lab 01,Extinta,,,,2020-08-05,2021-01-20,2021-07-14,23599.0,2020-09-23T10:00:00,900.0
'473,19/Adm 07 I,54,102709,25.0,0.0,False,Lab 01,Concluída,,,,2020-08-01,2020-11-07,2020-11-15,23600.0,,900.0
'474,20/Adm 01 P,54,102710,25.0,0.0,False,Sala 02,Junção,,,,2020-08-05,2020-11-04,2021-07-14,23590.0,2020-09-23T11:00:00,840.0
'475,20/Adm 03 I,54,102709,25.0,0.0,False,Lab 01,Junção,,,,2020-08-04,2021-10-05,2021-07-20,23601.0,2021-03-23T10:00:00,900.0
'476,19/Adm 07 P,54,102710,25.0,0.0,False,Sala 02,Concluída,,,,2020-08-01,2020-11-07,2020-11-15,23594.0,,900.0
'477,19/Adm 03 A,54,102712,25.0,0.0,False,Sala 01,Concluída,,,,2019-02-13,2019-02-13,2020-08-11,,,900.0
'478,19/Adm 12 A,54,120289,25.0,0.0,False,Sala 01,Concluída,,,,2020-08-01,2021-07-03,2021-03-27,23586.0,,900.0
'479,20/Adm 03 P,54,102701,25.0,0.0,False,Sala 02,Junção,,,,2020-08-04,2021-09-14,2021-07-20,23590.0,2021-03-23T11:00:00,900.0
'480,19/Adm 03 I,54,102709,25.0,0.0,False,Lab 01,Concluída,,,,2019-02-13,2019-02-13,2020-08-11,,,900.0
'481,19/Adm 12 I,54,120288,25.0,0.0,False,Lab 01,Concluída,,,,2020-08-01,2021-05-29,2021-03-27,23600.0,,900.0
'482,19/Adm 03 P,54,102710,25.0,0.0,False,Sala 02,Concluída,,,,2019-02-13,2019-02-13,2020-08-11,,,900.0
'483,19/Adm 12 P,54,151226,25.0,0.0,False,Sala 02,Concluída,,,,2020-08-01,2021-06-26,2021-03-27,23594.0,,900.0
'485,19/Adm 15 A,54,120289,25.0,0.0,False,Sala 01,Concluída,,,,2020-08-05,2021-06-09,2021-04-07,23595.0,,900.0
'486,19/Adm 11 A,54,102712,25.0,0.0,False,Sala 01,Extinta,,,,2020-08-01,2020-10-17,2021-04-24,23586.0,2020-09-19T13:00:00,900.0
'487,19/Adm 15 I,54,120288,25.0,0.0,False,Lab 01,Concluída,,,,2020-08-05,2021-05-26,2021-04-07,23600.0,,900.0
'488,19/Adm 05 A,54,102712,25.0,0.0,False,Sala 01,Concluída,,,,2020-08-04,2020-10-20,2020-10-15,23587.0,,900.0
'489,19/Adm 15 P,54,151226,25.0,0.0,False,Sala 02,Concluída,,,,2020-08-05,2021-05-26,2021-04-07,23592.0,,900.0
'490,19/Adm 11 I,54,102709,25.0,0.0,False,Lab 01,Junção,,,,2020-08-01,2020-10-17,2021-04-24,23599.0,2020-09-19T14:00:00,900.0
'491,20/Adm 08 A,54,102712,25.0,0.0,False,Sala 01,Junção,,,,2020-08-05,2021-07-07,2021-09-22,23589.0,2021-04-28T14:00:00,900.0
'492,19/Adm 05 I,54,102709,25.0,0.0,False,Lab 01,Concluída,,,,2020-08-04,2020-10-20,2020-10-15,23600.0,,900.0
'493,19/Adm 11 P,54,102710,25.0,0.0,False,Sala 02,Extinta,,,,2020-08-01,2020-10-17,2021-04-24,23592.0,2020-09-19T15:00:00,900.0
'494,20/Adm 04 A,54,120289,25.0,0.0,False,Sala 01,Concluída,,,,2020-08-01,2021-08-21,2021-08-21,23585.0,,900.0
'495,20/Adm 08 I,54,102709,25.0,0.0,False,Lab 01,Junção,,,,2020-08-05,2021-07-07,2021-09-22,23601.0,2021-04-28T15:00:00,900.0
'496,19/Adm 05 P,54,102710,25.0,0.0,False,Sala 02,Concluída,,,,2020-08-04,2020-12-15,2020-10-15,23591.0,,900.0
'497,20/Adm 04 I,54,120288,25.0,0.0,False,Lab 01,Concluída,,,,2020-08-01,2021-10-23,2021-08-21,23602.0,,900.0
'498,20/Adm 08 P,54,102710,25.0,0.0,False,Sala 02,Junção,,,,2020-08-05,2021-05-26,2021-09-22,23593.0,2021-04-28T16:00:00,900.0
'500,20/Adm 04 P,54,151226,25.0,0.0,False,Sala 02,Concluída,,,,2020-08-01,2021-09-11,2021-08-21,23593.0,,900.0
'501,19/Adm 04 A,54,102712,25.0,0.0,False,Sala 01,Concluída,,,,2020-08-05,2020-10-21,2020-09-20,23587.0,,900.0
'502,19/Adm 04 I,54,102709,25.0,0.0,False,Lab 01,Concluída,,,,2020-08-05,2020-10-21,2021-09-20,23600.0,,900.0
'503,19/Adm 08 A,54,102712,25.0,0.0,False,Sala 01,Concluída,,,,2020-08-04,2020-11-17,2020-12-18,23585.0,,900.0
'504,19/Adm 04 P,54,102710,25.0,0.0,False,Sala 02,Concluída,,,,2020-08-05,2020-10-21,2020-09-20,23593.0,,900.0
'505,20/Adm 06 A,54,122537,25.0,0.0,False,Sala 01,Concluída,,,,2020-08-05,2022-02-02,2021-09-08,23587.0,,900.0
'506,20/Adm 06 I,54,120288,25.0,0.0,False,Lab 01,Concluída,,,,2020-08-05,2022-01-05,2021-09-08,23600.0,,900.0
'507,20/Adm 06 P,54,151226,25.0,0.0,False,Sala 02,Concluída,,,,2020-08-05,2022-01-19,2021-09-08,23592.0,,900.0
'508,19/Adm 17 A,54,120289,25.0,0.0,False,Sala 01,Concluída,,,,2020-08-06,2021-10-07,2021-07-29,23587.0,,900.0
'509,19/Adm 17 I,54,120288,25.0,0.0,False,Lab 01,Concluída,,,,2020-08-06,2021-07-29,2021-07-29,,,900.0
'510,19/Adm 17 P,54,151226,25.0,0.0,False,Sala 02,Concluída,,,,2020-08-06,2021-08-19,2021-07-27,23593.0,,900.0
'512,19/Adm 10 A,54,102712,25.0,0.0,False,Sala 01,Concluída,,,,2020-08-06,2020-11-26,2021-01-28,23587.0,,900.0
'513,19/Adm 08 I,54,102709,25.0,0.0,False,Lab 01,Concluída,,,,2020-08-04,2020-11-17,2020-12-18,23600.0,,900.0
'514,19/Adm 08 P,54,102710,25.0,0.0,False,Sala 02,Concluída,,,,2020-08-04,2020-11-17,2020-12-18,23591.0,,900.0
'515,19/Adm 10 I,54,102709,25.0,0.0,False,Lab 01,Concluída,,,,2020-08-06,2020-11-26,2021-01-28,23600.0,,900.0
'516,19/Adm 13 A,54,120289,25.0,0.0,False,Sala 01,Concluída,,,,2020-08-04,2021-05-25,2021-04-09,23584.0,,900.0
'518,19/Adm 10 P,54,102710,25.0,0.0,False,Sala 02,Concluída,,,,2020-08-06,2020-11-26,2021-01-28,23593.0,,900.0
'519,20/Adm 05 A,54,120289,25.0,0.0,False,Sala 01,Concluída,,,,2020-08-06,2021-09-09,2021-08-20,23586.0,,900.0
'520,20/Adm 05 I,54,120288,25.0,0.0,False,Lab 01,Concluída,,,,2020-08-06,2021-08-19,2021-08-21,,,900.0
'521,20/Adm 05 P,54,151226,25.0,0.0,False,Sala 02,Concluída,,,,2020-08-06,2021-09-23,2021-08-20,23594.0,,900.0
'522,19/Adm 13 I,54,120288,25.0,0.0,False,Lab 01,Concluída,,,,2020-08-04,2021-05-25,2021-04-09,23600.0,,900.0
'524,19/Adm 13 P,54,151226,25.0,0.0,False,Sala 02,Concluída,,,,2020-08-04,2021-05-25,2021-04-09,23592.0,,900.0
'525,19/Adm 16 A,54,120289,25.0,0.0,False,Sala 01,Concluída,,,,2020-08-06,2021-06-17,2021-05-26,23585.0,,900.0
'526,19/Adm 16 I,54,120288,25.0,0.0,False,Lab 01,Concluída,,,,2020-08-06,2021-05-27,2021-05-26,23600.0,,900.0
'527,19/Adm 16 P,54,151226,25.0,0.0,False,Sala 02,Concluída,,,,2020-08-06,2021-05-27,2021-05-26,23595.0,,900.0
'528,20/Adm 07 A,54,122537,25.0,0.0,False,Sala 01,Concluída,,,,2020-08-06,2022-04-21,,23588.0,,900.0
'529,20/Adm 07 I,54,120288,25.0,0.0,False,Lab 01,Concluída,,,,2020-08-06,2022-04-07,,23600.0,,900.0
'530,20/Adm 07 P,54,151226,25.0,0.0,False,Sala 02,Concluída,,,,2020-08-06,2022-06-02,,23592.0,,900.0
'531,20/Adm 02 A,54,102712,25.0,0.0,False,Sala 01,Extinta,,,,2020-08-06,2021-02-18,2021-07-29,23586.0,2020-11-12T14:00:00,900.0
'532,20/Adm 02 I,54,102709,25.0,0.0,False,Lab 01,Junção,,,,2020-08-06,2020-11-05,2021-07-29,23599.0,,900.0
'533,20/Adm 02 P,54,102710,25.0,0.0,False,Sala 02,Junção,,,,2020-08-06,2020-11-05,2021-07-29,23592.0,,900.0
'536,20/Adm 12 A,54,122537,30.0,0.0,False,Sala 01,Concluída,,,,2020-09-05,2022-04-23,2022-01-15,,,900.0
'537,20/Adm 12 I,54,120288,30.0,0.0,False,Lab 01,Concluída,,,2020-07-17,2020-09-05,2022-01-29,2022-01-15,,,900.0
'538,20/Adm 12 P,54,151226,30.0,0.0,False,Sala 02,Concluída,,,2020-07-17,2020-09-05,2022-01-08,2022-01-15,,,900.0
'539,20/Fma 08,52,102711,39.0,0.0,False,Sala 02,Concluída,,,2020-07-17,2020-09-01,2021-08-24,2021-09-03,23583.0,,960.0
'541,20/Adm 09 A,54,102712,27.0,0.0,False,Sala 01,Junção,,,,2020-08-04,2021-06-15,2021-12-28,23584.0,2021-04-27T19:00:00,
'542,20/Adm 09 I,54,102709,27.0,0.0,False,Sala 02,Junção,,,,2020-08-04,2021-04-20,2021-12-28,23599.0,,
'543,20/Adm 09 P,54,102710,27.0,0.0,False,Sala 01,Junção,,,,2020-08-04,2021-04-20,2021-12-28,23590.0,,
'544,20/Fma 07,52,102711,44.0,0.0,False,Sala 02,Concluída,,,,2020-08-01,2021-07-24,2021-07-25,,,960.0
'545,20/Adm 11 A,54,102712,26.0,0.0,False,Sala 01,Extinta,,,2020-07-13,2020-08-04,2021-05-04,2022-02-04,,2021-03-23T14:00:00,900.0
'546,20/Adm 11 I,54,102709,26.0,0.0,False,Lab 01,Extinta,,,2020-07-13,2020-08-04,2021-03-16,2022-02-04,23599.0,,900.0
'547,20/Adm 11 P,54,102710,26.0,0.0,False,Sala 02,Extinta,,,2020-07-13,2020-08-04,2021-03-16,2022-02-04,23590.0,,900.0
'551,20/Adm 13 A,54,102712,29.0,0.0,False,Sala 01,Junção,,,2020-08-03,2020-09-16,2021-06-23,2022-02-16,23589.0,2021-03-24T19:00:00,900.0
'552,20/Adm 13 I,54,102709,29.0,0.0,False,Lab 01,Junção,,,2020-08-03,2020-09-16,2021-03-17,2022-02-16,23596.0,,900.0
'553,20/Adm 13 P,54,102710,29.0,0.0,False,Sala 02,Junção,,,2020-08-03,2020-09-16,2021-03-17,2022-02-16,23592.0,,900.0
'554,19/Fma 06,52,102711,30.0,0.0,False,Sala 01,Concluída,,,2020-08-06,2020-08-06,2021-07-03,2020-08-06,,,5520.0
'555,Concluidas Adm/Financeiro,54,102713,300.0,0.0,True,Auditório,Concluída,,,,2020-08-17,2020-08-17,2021-01-01,,,900.0
'556,20/Adm 14 A,54,138261,25.0,0.0,False,Sala 01,Concluída,,,2020-08-24,2020-09-23,2022-09-21,2022-03-23,23589.0,,4500.0
'557,20/Adm 14 P,54,151226,25.0,0.0,False,Sala 02,Concluída,,,2020-08-24,2020-09-23,2022-06-29,2022-03-23,23595.0,,4560.0
'558,20/Adm 14 I,54,120288,25.0,0.0,False,Lab 01,Concluída,,,2020-08-24,2020-09-23,2022-08-31,2022-03-23,23602.0,,4500.0
'559,20/Fma 09,52,102711,47.0,0.0,False,Auditório,Concluída,,,2020-08-24,2020-10-01,2021-09-30,2021-10-01,,,
'562,20/Adm 15 A,54,122537,25.0,0.0,False,Sala 01,Extinta,,,2020-09-09,2020-10-07,2022-04-13,2022-05-11,23584.0,2021-11-24T15:00:00,
'563,20/Adm 15 P,54,151226,25.0,0.0,False,Sala 02,Extinta,,,2020-09-09,2020-10-07,2022-02-16,2022-05-11,23593.0,2021-11-24T14:00:00,
'565,20/Adm 15 I,54,120288,25.0,0.0,False,Lab 01,Extinta,,,2020-09-09,2020-10-07,2022-02-16,2022-05-11,23600.0,2021-11-24T16:00:00,
'566,20/Eng 04,53,102714,15.0,0.0,False,Sala 01,Junção,,,2020-09-09,2020-10-26,2021-05-10,2022-05-30,23603.0,2021-01-25T09:00:00,
'576,20/Adm 16 A,54,122537,28.0,0.0,False,Sala 01,Extinta,,,2020-09-22,2020-10-21,2022-02-02,2022-03-23,23586.0,2021-11-24T19:00:00,
'577,20/Adm 16 I,54,120288,28.0,0.0,False,Lab 01,Extinta,,,2020-09-22,2020-10-21,2022-04-06,2022-03-23,23600.0,2021-11-24T20:00:00,
'578,20/Adm 16 P,54,151226,28.0,0.0,False,Sala 01,Extinta,,,2020-09-22,2020-10-21,2022-02-02,2022-03-23,23592.0,2021-11-24T21:00:00,
'579,20/Fma 10,52,102711,43.0,0.0,False,Lab 02,Concluída,,,2020-09-22,2020-10-22,2021-09-30,2021-10-22,,,
'580,20/Adm 17 A,54,138261,30.0,0.0,False,Sala 01,Concluída,,,2020-10-09,2020-11-07,2022-02-12,2022-06-11,,,2220.0
'581,20/Adm 17 P,54,151226,30.0,0.0,False,Sala 02,Concluída,,,2020-10-09,2020-11-07,2022-02-12,2022-06-07,,,2400.0
'582,20/Adm 17 I,54,120288,30.0,0.0,False,Lab 01,Concluída,,,2020-10-09,2020-11-07,2022-02-12,2022-06-07,,,2940.0
'584,20/Fma 11,52,102711,38.0,0.0,False,Lab 02,Concluída,,,2020-10-14,2020-11-18,2021-10-27,2021-11-18,23583.0,,
'586,20/Adm 18 A,54,122537,27.0,0.0,False,Sala 01,Extinta,,,2020-10-21,2020-11-24,2022-05-03,2022-05-24,23586.0,2022-02-01T15:00:00,
'587,20/Adm 18 I,54,120288,27.0,0.0,False,Lab 01,Extinta,,,2020-10-21,2020-11-24,2022-04-12,2022-05-24,23600.0,2022-02-01T14:00:00,4500.0
'588,20/Adm 18 P,54,151226,27.0,0.0,False,Sala 02,Extinta,,,2020-10-21,2020-11-24,2022-05-17,2022-05-24,23594.0,2022-02-01T16:00:00,
'591,20/Fma 12,52,102711,40.0,0.0,False,Sala 01,Concluída,,,2020-11-03,2020-12-02,2021-11-24,2021-12-02,,,4800.0
'592,20/Adm 19 A,54,120289,28.0,0.0,False,Sala 02,Junção,,,2020-11-03,2020-12-01,2021-06-22,2022-06-01,23584.0,,900.0
'593,20/Adm 19 I,54,120288,28.0,0.0,False,Lab 01,Junção,,,2020-11-03,2020-12-01,2021-11-23,2022-06-01,23599.0,2021-06-29T10:00:00,900.0
'594,20/Adm 19 P,54,151226,28.0,0.0,False,Sala 01,Junção,,,2020-11-03,2020-12-01,2021-09-28,2022-06-01,23591.0,2021-06-29T11:00:00,900.0
'597,21/Eng 01,53,133425,20.0,0.0,False,Sala 02,Concluída,,,2020-11-19,2021-01-20,2022-08-29,2022-07-20,23605.0,,13500.0
'598,21/Fma 02,52,102711,30.0,0.0,False,Sala 01,Concluída,,,2020-11-19,2021-01-28,2022-03-17,2022-01-28,,,5520.0
'599,21/Fma 01,52,102711,43.0,0.0,False,Sala 02,Concluída,,,2020-11-19,2021-01-12,2021-12-07,2022-01-12,,,1200.0
'600,21/Adm 01 A,54,138261,30.0,0.0,False,Sala 01,Concluída,,,2020-11-19,2021-01-14,2022-11-24,2022-07-14,23588.0,,4500.0
'601,21/Adm 01 I,54,120288,30.0,0.0,False,Lab 01,Concluída,,,2020-11-19,2021-01-14,2022-11-24,2022-07-14,23601.0,,4500.0
'603,21/Adm 01 P,54,151226,30.0,0.0,False,Sala 02,Concluída,,,2020-11-19,2021-01-14,2022-09-08,2022-07-14,23594.0,,3780.0
'604,21/Adm 02 A,54,120289,25.0,0.0,False,Sala 01,Junção,,,2020-11-19,2021-01-23,2021-06-26,2022-07-23,,,3600.0
'605,21/Adm 02 I,54,120288,25.0,0.0,False,Lab 01,Junção,,,2020-11-19,2021-01-23,2021-09-11,2022-07-23,23599.0,2021-07-03T10:00:00,3600.0
'606,21/Adm 02 P,54,151226,25.0,0.0,False,Sala 02,Junção,,,2020-11-19,2021-01-23,2022-01-08,2022-07-23,23591.0,2021-07-03T11:00:00,3600.0
'607,Concluidas,52,102711,300.0,0.0,True,Auditório,Concluída,,,2020-12-07,2020-12-07,2020-12-07,2021-03-01,,,1200.0
'608,Concluidas/ Resgates,53,102714,300.0,0.0,False,Auditório,Concluída,,,2020-12-07,2020-12-07,2022-06-12,2021-04-06,,,13500.0
'609,21/Adm 03 A,54,122537,28.0,0.0,False,Sala 01,Extinta,,,2020-12-21,2021-02-24,2022-03-30,2022-08-24,23586.0,2021-11-17T09:00:00,900.0
'610,21/Adm 03 I,54,120288,28.0,0.0,False,Lab 01,Extinta,,,2020-12-21,2021-02-24,2022-02-23,2022-08-24,23600.0,2021-11-17T10:00:00,900.0
'611,21/Adm 03 P,54,151226,28.0,0.0,False,Sala 02,Extinta,,,2020-12-21,2021-02-24,2022-01-19,2022-08-24,23592.0,2021-11-17T11:00:00,900.0
'612,21/Adm 04 A,54,138261,30.0,0.0,False,Sala 01,Concluída,,,2020-12-21,2021-02-27,2022-11-12,2022-08-27,23585.0,,4500.0
'613,21/Adm 04 I,54,120288,30.0,0.0,False,Lab 01,Concluída,,,2020-12-21,2021-02-27,2022-12-03,2022-08-27,23597.0,,4500.0
'614,21/Adm 04 P,54,151226,30.0,0.0,False,Sala 02,Concluída,,,2020-12-21,2021-02-27,2022-10-29,2022-08-27,23595.0,,4500.0
'627,21/Fma 03,52,102711,20.0,0.0,False,Lab 02,Concluída,,,2021-01-29,2021-03-11,2022-03-24,2022-03-17,23583.0,,5520.0
'632,21/Adm 05 A,54,138261,25.0,0.0,False,Sala 01,Concluída,,,2021-02-10,2021-03-18,2022-12-29,2022-09-08,23589.0,,4500.0
'633,21/Adm 05 I,54,120288,25.0,0.0,False,Sala 02,Concluída,,,2021-02-10,2021-03-18,2022-11-17,2022-09-08,23602.0,,4500.0
'634,21/Adm 05 P,54,151226,25.0,0.0,False,Sala 03,Concluída,,,2021-02-10,2021-03-18,2023-03-30,2022-09-08,23595.0,,5280.0
'643,21/Adm 06 A,54,102713,35.0,0.0,False,Sala 01,Concluída,,,2021-02-24,2021-03-23,2023-04-25,2022-09-20,23585.0,,5940.0
'644,21/Adm 06 I,54,102713,35.0,0.0,False,Lab 01,Concluída,,,2021-02-24,2021-03-23,2023-01-31,2022-09-20,23602.0,,4500.0
'645,21/Adm 06 P,54,151226,35.0,0.0,False,Sala 02,Concluída,,,2021-02-24,2021-03-23,2022-11-29,2022-09-20,23595.0,,4500.0
'648,21/Eng 02,53,133425,20.0,0.0,False,Lab 01,Concluída,,,2021-02-23,2021-04-27,2022-11-29,2022-11-29,23605.0,,13500.0
'649,21/Fma 04,52,102711,20.0,0.0,False,Lab 02,Concluída,,,2021-02-25,2021-03-31,2022-04-06,2022-03-23,23583.0,,5520.0
'659,21/Adm 07 A,54,120289,29.0,0.0,False,Sala 01,Junção,,,2021-03-22,2021-04-27,2022-03-15,2022-12-27,23584.0,2021-09-14T19:00:00,720.0
'660,21/Adm 07 I,54,120288,29.0,0.0,False,Lab 01,Junção,,,2021-03-22,2021-04-27,2021-11-09,2022-12-27,23599.0,2021-09-14T20:00:00,780.0
'661,21/Adm 07 P,54,151226,29.0,0.0,False,Sala 02,Junção,,,2021-03-22,2021-04-27,2021-11-30,2022-12-27,23591.0,2021-09-14T21:00:00,720.0
'664,21/Adm 08 A,54,120289,26.0,0.0,False,Sala 01,Junção,,,2021-03-22,2021-05-11,2021-08-10,2022-11-10,,,720.0
'665,21/Adm 08 I,54,120288,26.0,0.0,False,Lab 01,Junção,,,2021-03-22,2021-05-11,2021-11-23,2022-11-10,,2021-08-17T10:00:00,780.0
'666,21/Adm 08 P,54,151226,26.0,0.0,False,Sala 02,Junção,,,2021-03-22,2021-05-11,2021-08-10,2022-11-10,,,720.0
'667,21/Fma 05,52,102711,40.0,0.0,False,Lab 02,Concluída,,,2021-04-06,2021-05-08,2022-05-21,2022-05-14,,,5520.0
'668,21/Fma 06,52,102711,20.0,0.0,False,Sala 02,Concluída,,,2021-04-14,2021-05-11,2022-06-21,2022-05-31,,,5520.0
'670,21/Eng 03,53,133425,20.0,0.0,False,Lab 01,Concluída,,,2021-04-30,2021-06-05,2023-02-11,2022-12-10,23605.0,,13500.0
'671,21/Adm 09 A,54,122537,25.0,0.0,False,Sala 01,Extinta,,,2021-04-30,2021-06-01,2022-06-28,2023-02-01,23586.0,2022-03-08T20:00:00,900.0
'672,21/Adm 09 I,54,120288,25.0,0.0,False,Lab 01,Extinta,,,2021-04-30,2021-06-01,2022-03-29,2023-02-01,23597.0,2022-03-08T19:00:00,900.0
'673,21/Adm 09 P,54,151226,25.0,0.0,False,Sala 02,Extinta,,,2021-04-30,2021-06-01,2022-05-10,2023-02-01,23592.0,2022-03-08T21:00:00,900.0
'675,21/Adm 10 A,54,122537,24.0,0.0,False,Sala 01,Extinta,,,2021-05-11,2021-06-16,2022-01-19,2022-11-01,23586.0,2021-11-24T14:00:00,900.0
'676,21/Adm 10 I,54,120288,24.0,0.0,False,Lab 01,Extinta,,,2021-05-11,2021-06-16,2021-12-01,2022-11-01,23599.0,2021-11-24T15:00:00,900.0
'677,21/Adm 10 P,54,151226,24.0,0.0,False,Sala 02,Extinta,,,2021-05-11,2021-06-16,2021-12-15,2022-11-16,23591.0,2021-11-24T16:00:00,60.0
'680,21/Fma 07,52,102711,30.0,0.0,False,Auditório,Concluída,,,2021-05-19,2021-06-23,2022-07-13,2022-06-23,23583.0,,5520.0
'682,21/Adm 11 I,54,147587,31.0,0.0,False,Sala 01,Concluída,,,2021-06-07,2021-07-17,2023-03-25,2023-02-04,,,4500.0
'683,21/Adm 11 A,54,147588,31.0,0.0,False,Sala 02,Concluída,,,2021-06-07,2021-07-17,2023-04-29,2023-02-04,,,4500.0
'684,21/Adm 11 P,54,151226,31.0,0.0,False,Sala 02,Concluída,,,2021-06-07,2021-07-17,2023-03-25,2023-02-04,,,4500.0
'686,21/Adm 12 A,54,138261,25.0,0.0,False,Sala 01,Junção,,,2021-06-10,2021-07-29,2023-04-06,,23587.0,2022-09-29T20:00:00,5400.0
'687,21/Adm 12 I,54,102713,25.0,0.0,False,Lab 01,Junção,,,2021-06-10,2021-07-29,2022-12-15,2023-01-01,23600.0,2022-09-29T19:00:00,3780.0
'688,21/Adm 12 P,54,151226,25.0,0.0,False,Sala 02,Junção,,,2021-06-10,2021-07-29,2022-06-30,2023-01-01,23593.0,,3060.0
'689,21/Fma 08,52,102711,20.0,0.0,False,Auditório,Concluída,,,2021-06-10,2021-07-21,2022-07-27,2022-07-21,,,5520.0
'695,21/Eng 04,53,133425,20.0,0.0,False,Lab 01,Concluída,,,2021-06-30,2021-08-24,2023-05-30,2023-04-18,23605.0,,13500.0
'696,21/Fma 09,52,102711,40.0,0.0,False,Auditório,Concluída,,,2021-07-15,2021-08-14,2022-09-10,2022-08-13,23583.0,,5520.0
'699,21/Adm 13 I,54,147587,25.0,0.0,False,Lab 01,Concluída,,,2021-07-19,2021-08-19,2023-04-13,2023-02-16,,,4500.0
'700,21/Adm 13 P,54,151226,25.0,0.0,False,Lab 02,Concluída,,,2021-07-19,2021-08-19,2023-04-13,2023-02-16,,,4500.0
'701,21/Adm 13 A,54,153481,25.0,0.0,False,Lab 01,Concluída,,,2021-07-19,2021-08-19,2023-04-13,2023-02-16,,,4500.0
'702,21/Adm 14 P,54,151226,27.0,0.0,False,Sala 01,Extinta,,,2021-07-26,2021-08-31,2022-04-12,2023-02-28,23591.0,2022-01-25T09:00:00,960.0
'703,21/Adm 14 I,54,120288,27.0,0.0,False,Lab 01,Extinta,,,2021-07-26,2021-08-31,2022-04-12,2023-02-28,23597.0,2022-01-25T10:00:00,960.0
'704,21/Adm 14 A,54,122537,27.0,0.0,False,Sala 02,Extinta,,,2021-07-26,2021-08-31,2022-04-12,2023-02-28,23585.0,2022-01-25T11:00:00,960.0
'706,21/Fma 10,52,102711,30.0,0.0,False,Sala 02,Concluída,,,2021-08-02,2021-09-14,2022-10-11,2022-09-14,23583.0,,5520.0
'707,21/Eng 05,53,133425,15.0,0.0,False,Lab 01,Extinta,,,2021-08-19,2021-09-29,2022-09-27,2023-09-20,23603.0,2022-01-18T14:00:00,
'708,21/Adm 15 A,54,147588,25.0,0.0,False,Lab 01,Concluída,,,2021-08-19,2021-09-14,2023-07-11,2023-07-18,,,4500.0
'709,21/Adm 15 P,54,151226,25.0,0.0,False,Lab 01,Concluída,,,2021-08-19,2021-09-14,2023-07-04,2023-07-18,,,4500.0
'710,21/Adm 15 I,54,147587,25.0,0.0,False,Lab 02,Concluída,,,2021-08-19,2021-09-14,2023-07-04,2023-07-18,,,4500.0
'712,21/Adm 16 A,54,102713,27.0,0.0,False,Lab 01,Junção,,,2021-09-01,2021-09-28,2023-04-25,2023-08-29,23587.0,2022-11-01T09:00:00,4500.0
'713,21/Adm 16 I,54,102713,26.0,0.0,False,Lab 02,Junção,,,2021-09-01,2021-09-28,2022-08-09,2023-03-28,23600.0,,3060.0
'715,21/Adm 16 P,54,151226,26.0,0.0,False,Lab 03,Junção,,,2021-09-01,2021-09-28,2023-02-14,2023-03-28,23593.0,2022-11-01T11:00:00,3780.0
'718,21/Fma 11,52,102711,30.0,0.0,False,Lab 01,Concluída,,,2021-09-13,2021-10-14,2022-10-20,2022-10-13,23583.0,,5520.0
'720,21/Adm 17 P,54,151226,30.0,0.0,False,Lab 02,Junção,,,2021-09-27,2021-10-21,2023-02-22,2023-04-20,23593.0,2022-11-09T14:00:00,3780.0
'721,21/Adm 17 I,54,102713,30.0,0.0,False,Lab 01,Junção,,,2021-09-27,2021-10-21,2022-11-30,2023-04-20,23600.0,2022-11-09T15:00:00,3060.0
'722,21/Adm 17 A,54,102713,30.0,0.0,False,Lab 01,Junção,,,2021-09-27,2021-10-21,2023-02-08,2023-04-20,23587.0,2022-11-09T16:00:00,3780.0
'723,21/Fma 12,52,102711,30.0,0.0,False,Auditório,Concluída,,,2021-10-07,2021-11-24,2022-12-07,2022-11-16,,,5520.0
'724,21/Adm 18 A,54,153481,25.0,0.0,True,Lab 01,Concluída,,,2021-10-21,2021-11-27,2023-07-22,,23589.0,,4500.0
'725,21/Adm 18 I,54,147587,25.0,0.0,False,Lab 01,Concluída,,,2021-10-21,2021-11-27,2023-07-22,,23602.0,,4500.0
'726,21/Adm 18 P,54,151226,25.0,0.0,False,Lab 01,Concluída,,,2021-10-21,2021-11-27,2023-07-22,,23595.0,,4500.0
'727,"22/Eng 01 ""A""",53,133425,35.0,0.0,False,Auditório,Junção,,,2021-11-24,2022-01-08,2023-07-01,2023-02-04,23605.0,2023-02-25T11:00:00,13500.0
'731,22/Adm 01 A,54,138261,25.0,0.0,False,Lab 01,Junção,,,2021-11-26,2022-01-17,2022-01-17,2023-11-20,,,780.0
'732,22/Adm 01 I,54,120288,25.0,0.0,False,Lab 01,Junção,,,2021-11-25,2022-01-17,2022-01-17,2023-11-20,,,780.0
'733,22/Adm 01 P,54,151226,25.0,0.0,False,Lab 01,Junção,,,2021-11-25,2022-01-17,2022-01-17,2023-11-20,,,840.0
'736,22/Fma 01,52,102711,40.0,0.0,False,Sala 02,Concluída,,,2021-12-08,2022-01-22,2023-01-21,2023-01-21,23583.0,,5520.0
'738,22/Adm 02 A,54,153481,12.0,0.0,False,Sala 01,Concluída,,,2021-12-10,2022-01-24,2023-08-29,2023-09-18,23589.0,,4500.0
'739,22/Adm 02 P,54,151226,12.0,0.0,False,Sala 02,Concluída,,,2021-12-10,2022-01-24,2023-08-29,2023-09-18,23595.0,,4500.0
'740,22/Adm 02 I,54,147587,12.0,0.0,False,Lab 02,Concluída,,,2021-12-10,2022-01-24,2023-08-29,2023-09-18,23602.0,,4500.0
'744,22/Fma 02 J,52,102711,25.0,0.0,False,Sala 03,Extinta,,,2022-01-10,2022-02-07,2022-05-09,,23579.0,2022-02-14T19:00:00,5520.0
'745,22/Adm 03 A,54,153481,9.0,0.0,False,Sala 01,Concluída,,,2022-01-15,2022-02-23,2023-11-01,2023-08-23,23589.0,,4500.0
'747,22/Adm 03 P,54,151226,9.0,0.0,False,Sala 01,Concluída,,,2022-01-15,2022-02-23,2023-11-01,,23595.0,,4500.0
'748,22/Adm 03 I,54,147587,9.0,0.0,False,Lab 01,Concluída,,,2022-01-15,2022-02-23,2023-11-01,,23602.0,,4500.0
'753,22/Adm 04 A,54,153481,20.0,0.0,False,Sala 01,Concluída,,,2022-01-17,2022-02-26,2023-10-07,,23589.0,,4500.0
'754,22/Adm 04 P,54,151226,20.0,0.0,False,Sala 02,Concluída,,,2022-01-17,2022-02-26,2023-10-07,,23595.0,,4500.0
'755,22/Adm 04 I,54,147587,20.0,0.0,False,Lab 01,Concluída,,,2022-01-17,2022-02-26,2023-10-07,,23602.0,,4500.0
'757,22/Fma 02,52,102711,29.0,0.0,False,Sala 02,Concluída,,,2022-01-26,2022-03-05,2023-03-04,,,,5520.0
'759,22/Eng 02,53,133425,7.0,3.0,False,Sala 03,Concluída,,,2022-01-28,2022-04-05,2023-11-14,2023-11-28,,,13500.0
'767,22/Adm 05 P,54,151226,9.0,0.0,False,Sala 01,Concluída,,,2022-02-25,2022-03-30,2023-11-29,2023-10-04,23595.0,,4500.0
'768,22/Adm 05 I,54,147587,9.0,0.0,False,Lab 01,Concluída,,,2022-02-25,2022-03-30,2023-11-29,2023-10-04,23602.0,,4500.0
'769,22/Adm 05 A,54,153481,9.0,0.0,False,Sala 01,Concluída,,,2022-02-25,2022-03-30,2023-12-20,2023-10-04,23589.0,,4500.0
'770,22/Fma 03,52,102711,30.0,0.0,False,Sala 02,Concluída,,,2022-02-25,2022-05-12,2023-04-13,,,,5520.0
'772,22/ENG 01 'B',53,133425,16.0,3.0,False,Sala 01,Concluída,,,2021-11-24,2022-03-19,2023-11-18,2023-02-04,,,13500.0
'773,22/Eng 03,53,133425,7.0,0.0,False,Sala 02,Concluída,,,2022-04-09,2022-05-19,2023-12-14,,,,13500.0
'774,22/Adm 06 I,54,147587,25.0,0.0,False,Lab 02,Junção,,,2022-04-14,2022-05-17,2023-01-03,2024-01-09,,,2340.0
'775,22/Adm 06 P,54,151226,25.0,0.0,False,Sala 02,Junção,,,2022-04-14,2022-05-17,2023-05-23,2024-01-09,,2023-03-07T15:00:00,3060.0
'776,22/Adm 06 A,54,147588,25.0,0.0,False,Sala 02,Junção,,,2022-04-14,2022-05-17,2023-05-23,2024-01-09,,2023-03-07T16:00:00,3060.0
'777,22/Adm 07 A,54,153481,17.0,7.0,False,Lab 01,Concluída,,,2022-05-17,2022-06-22,2024-01-17,2024-02-21,23589.0,,4500.0
'778,22/Adm 07 P,54,151226,17.0,7.0,False,Sala 01,Concluída,,,2022-05-17,2022-06-22,2024-01-17,2024-02-21,23595.0,,4500.0
'779,22/Adm 07 I,54,162974,17.0,7.0,False,Lab 01,Concluída,,,2022-05-17,2022-06-22,2024-01-17,2024-02-21,23602.0,,4500.0
'780,22/Fma 04,52,102711,26.0,0.0,False,Lab 02,Concluída,,,2022-05-26,2022-06-23,2023-07-20,2023-06-29,,,5520.0
'781,22/Fma 05,52,102711,30.0,0.0,False,Lab 02,Concluída,,,2022-06-02,2022-07-19,2023-07-11,2023-07-18,23583.0,,5520.0
'782,22/Eng 04,53,133425,15.0,0.0,False,Sala 01,Junção,,,2022-06-08,2022-08-10,2023-03-01,2023-12-13,23603.0,2023-02-22T09:00:00,4500.0
'783,22/Adm 08 A,54,153481,27.0,0.0,False,Lab 01,Junção,,,2022-06-14,2022-07-13,2023-03-08,2024-01-17,,,2340.0
'784,22/Adm 08 I,54,147587,27.0,0.0,False,Sala 01,Junção,,,2022-06-14,2022-07-13,2023-07-12,2024-01-17,,2023-04-26T10:00:00,3060.0
'785,22/Adm 08 P,54,151226,27.0,0.0,False,Sala 02,Junção,,,2022-06-14,2022-07-13,2023-03-01,2024-01-17,,,2340.0
'786,22/Adm 09 A,54,153481,22.0,0.0,False,Sala 01,Concluída,,Semanal,2022-07-05,2022-08-11,2024-03-07,2024-02-29,23589.0,,4500.0
'787,22/Adm 09 I,54,162974,22.0,0.0,False,Lab 01,Concluída,,Semanal,2022-07-05,2022-08-11,2024-03-07,2024-02-29,23602.0,,4500.0
'788,22/Adm 09 P,54,151226,22.0,0.0,False,Sala 01,Concluída,,Semanal,2022-07-05,2022-08-11,2024-03-07,2024-02-29,23595.0,,4500.0
'789,22/Fma 06,52,102711,9.0,0.0,False,Sala 02,Concluída,,,2022-07-18,2022-08-31,2023-08-30,2023-08-30,,,5520.0
'790,22/Fma 07,52,102711,17.0,0.0,False,Sala 02,Concluída,,,2022-07-30,2022-09-10,2023-08-26,2023-09-09,,,5520.0
'791,22/Adm 10 P,54,151226,19.0,0.0,False,Sala 01,Concluída,,Semanal,2022-08-05,2022-09-08,2024-05-02,2024-03-14,23595.0,,4500.0
'792,22/Adm 10 A,54,153481,19.0,0.0,False,Sala 01,Concluída,,Semanal,2022-08-05,2022-09-08,2024-05-02,2024-03-14,23589.0,,4500.0
'793,22/Adm 10 I,54,162974,19.0,0.0,False,Lab 01,Concluída,,Semanal,2022-08-05,2022-09-08,2024-05-02,2024-03-14,23602.0,,4500.0
'794,22/Adm 11 A,54,153481,17.0,0.0,False,Sala 01,Concluída,,Semanal,2022-09-08,2022-10-11,2024-05-14,2024-04-16,23589.0,,4500.0
'795,22/Adm 11 P,54,151226,17.0,0.0,False,Sala 01,Concluída,,Semanal,2022-09-08,2022-10-11,2024-07-30,2024-04-16,23589.0,,5220.0
'796,22/Adm 11 I,54,166601,17.0,0.0,False,Lab 01,Concluída,,Semanal,2022-09-08,2022-10-11,2024-05-14,2024-04-16,23602.0,,4500.0
'797,22/Adm 12 A,54,153481,17.0,0.0,False,Sala 01,Concluída,,Semanal,2022-09-09,2022-10-15,2024-05-18,,23589.0,,4500.0
'798,22/Adm 12 I,54,162974,17.0,0.0,False,Sala 02,Concluída,,Semanal,2022-09-09,2022-10-15,2024-05-18,,23602.0,,4500.0
'799,22/Adm 12 P,54,166935,17.0,0.0,False,Sala 01,Concluída,,Semanal,2022-09-09,2022-10-15,2024-05-18,2024-04-13,23595.0,,4500.0
'800,22/Eng 05,53,166591,6.0,0.0,False,Sala 02,Concluída,,Semanal,2022-09-27,2022-10-19,2024-04-24,2024-04-24,23605.0,,13500.0
'801,22/Eng 06,53,166591,7.0,0.0,False,Lab 03,Junção,,Semanal,2022-10-06,2022-11-09,2024-05-29,2024-05-15,23605.0,2024-01-24T14:00:00,13500.0
'802,22/Adm 13 A,54,153481,15.0,3.0,False,Sala 01,Concluída,,Semanal,2022-10-06,2022-11-23,2024-06-19,2024-05-21,23589.0,,4500.0
'803,22/Adm 13 I,54,170205,15.0,3.0,False,Lab 01,Concluída,,Semanal,2022-10-06,2022-11-23,2024-06-19,2024-05-21,23602.0,,4500.0
'804,22/Adm 13 P,54,166935,15.0,3.0,False,Sala 01,Concluída,,Semanal,2022-10-06,2022-11-23,2024-06-19,2024-05-21,23595.0,,4500.0
'805,22/Fma 08,52,155675,6.0,1.0,False,,Concluída,,,2022-10-06,2022-11-16,2023-12-13,2023-11-15,,,5520.0
'806,22/Fma 09,52,155675,13.0,0.0,False,Sala 02,Concluída,,,2022-09-10,2022-12-06,2023-11-21,,23583.0,,5520.0
'807,22/Adm 14 A,54,153481,24.0,5.0,False,Sala 01,Concluída,,Semanal,2022-10-26,2022-12-07,2024-06-19,2024-05-22,23589.0,,4500.0
'808,22/Adm 14 I,54,170205,24.0,5.0,False,Lab 01,Concluída,,Semanal,2022-10-26,2022-12-07,2024-06-19,2024-05-22,23602.0,,4500.0
'809,22/Adm 14 P,54,172378,24.0,5.0,False,Sala 01,Concluída,,Semanal,2022-10-26,2022-12-07,2024-06-19,2024-05-22,23595.0,,4500.0
'810,23/Eng 01,53,166591,7.0,0.0,False,Sala 03,Junção,,Semanal,2022-11-14,2023-01-10,2024-06-18,2024-07-16,23605.0,2024-02-06T09:00:00,13500.0
'811,23/Fma 01,52,155675,25.0,1.0,False,Sala 02,Concluída,,,2022-11-29,2023-01-21,2023-12-30,2023-12-16,23583.0,,5520.0
'812,23/Cd 01,55,166280,14.0,1.0,False,Sala 02,Extinta,,Semanal,2022-12-06,2023-02-11,2023-11-25,2024-02-17,24017.0,2023-10-21T10:00:00,4800.0
'813,23/Adm 01 A,54,153481,25.0,0.0,False,Sala 01,Junção,,,2022-12-07,2023-01-17,2023-08-15,2024-07-23,23585.0,2023-07-25T09:00:00,1620.0
'814,23/Adm 01 I,54,147587,25.0,0.0,False,Sala 01,Junção,,,2022-12-07,2023-01-17,2023-08-15,2024-07-23,23597.0,2023-07-25T10:00:00,1620.0
'815,23/Adm 01 P,54,151226,25.0,0.0,False,Sala 01,Junção,,,2022-12-07,2023-01-17,2023-08-15,2024-07-23,23591.0,2023-07-25T11:00:00,1620.0
'816,23/Adm 03 A,54,153481,26.0,0.0,False,Sala 01,Concluída,,Semanal,2023-01-10,2023-02-09,2024-09-26,2024-08-15,23589.0,,4500.0
'817,23/Adm 03 I,54,170205,26.0,0.0,False,Lab 01,Concluída,,Semanal,2023-01-10,2023-02-09,2024-10-03,2024-08-15,23602.0,,4500.0
'818,23/Adm 03 P,54,172378,26.0,0.0,False,Sala 01,Concluída,,Semanal,2023-01-10,2023-02-09,2024-10-10,2024-08-15,23595.0,,4500.0
'819,23/Adm 02 A,54,153481,20.0,0.0,False,Sala 01,Concluída,,Semanal,2023-01-18,2023-02-07,2024-07-09,2024-08-13,23589.0,,4500.0
'820,23/Adm 02 I,54,170205,20.0,0.0,False,Lab 01,Concluída,,Semanal,2023-01-18,2023-02-07,2024-07-09,2024-08-13,23602.0,,4500.0
'821,23/Adm 02 P,54,172378,20.0,0.0,False,Sala 01,Concluída,,Semanal,2023-01-18,2023-02-07,2024-06-25,2024-08-13,23595.0,,4500.0
'822,23/Fma 02,52,166280,14.0,0.0,False,Sala 02,Concluída,,Semanal,2023-01-20,2023-03-09,2024-03-14,2024-02-29,23582.0,,5040.0
'823,23/Eng 02,53,166591,7.0,0.0,False,Sala 03,Concluída,,Semanal,2023-01-23,2023-03-09,2024-09-26,2024-08-29,23605.0,,13500.0
'824,23/Cd 00,55,102711,30.0,0.0,False,Sala 02,Junção,,,2023-04-17,2023-05-30,2023-06-20,2024-05-28,23979.0,2023-06-13T10:00:00,480.0
'825,23/Adm 04 A,54,153481,29.0,0.0,False,,Concluída,,Semanal,2023-02-10,2023-03-16,2024-12-12,2024-09-19,23589.0,,4500.0
'826,23/Adm 04 I,54,173305,29.0,0.0,False,,Concluída,,Semanal,2023-02-10,2023-03-16,2024-12-12,2024-09-19,23602.0,,4500.0
'827,23/Adm 04 P,54,172378,29.0,0.0,False,,Concluída,,Semanal,2023-02-10,2023-03-16,2024-12-12,2024-09-19,23595.0,,4500.0
'828,23/Eng 03,53,166591,12.0,0.0,False,,Concluída,,Semanal,2023-02-16,2023-03-25,2024-09-21,2024-09-21,23605.0,,13500.0
'829,23/Fma 03,52,166280,15.0,0.0,True,,Concluída,,Semanal,2023-03-06,2023-05-10,2024-06-12,2024-05-07,23581.0,,5520.0
'830,"23/Adm 05 ""P""",54,153481,22.0,2.0,False,Sala 01,Concluída,,Semanal,2023-03-07,2023-04-15,2024-11-23,2024-10-19,23595.0,,4500.0
'831,"23/Adm 05 ""I""",54,173305,22.0,2.0,False,Lab 01,Concluída,,Semanal,2023-03-07,2023-04-15,2024-11-23,2024-10-19,23602.0,,4500.0
'832,"23/Adm 05 ""A""",54,174088,22.0,2.0,False,Sala 01,Concluída,,Semanal,2023-03-07,2023-04-15,2024-11-23,2024-10-19,,,4500.0
'833,23/Adm 06 A,54,174088,31.0,1.0,False,Sala 01,Concluída,,Semanal,2023-03-21,2023-05-02,2024-10-22,2024-11-12,,,4500.0
'834,23/Adm 06 I,54,173305,31.0,1.0,False,Lab 01,Concluída,,Semanal,2023-03-21,2023-05-02,2024-10-22,2024-11-12,,,4500.0
'835,23/Adm 06 P,54,153481,31.0,1.0,False,Sala 01,Concluída,,Semanal,2023-03-21,2023-05-02,2024-10-22,2024-11-12,,,4500.0
'836,23/Eng 04,53,166591,10.0,0.0,False,,Extinta,,Semanal,2023-04-19,2023-05-24,2024-12-03,2024-11-27,23605.0,2024-11-26T09:00:00,13500.0
'837,23/Adm 07 A,54,174088,27.0,0.0,False,,Concluída,,Semanal,2023-04-24,2023-05-23,2024-11-26,2024-10-29,23589.0,,3660.0
'838,23/Adm 07 I,54,173305,27.0,0.0,False,,Concluída,,Semanal,2023-04-24,2023-05-23,2024-11-26,2024-10-29,23602.0,,4500.0
'839,23/Adm 07 P,54,153481,27.0,0.0,False,,Concluída,,Semanal,2023-04-24,2023-05-23,2024-11-26,2024-10-29,23595.0,,4500.0
'840,"23/Adm 05 B ""P""",54,172378,29.0,0.0,False,Sala 01,Junção,,Semanal,2023-05-05,2023-05-06,2024-11-23,2024-10-19,23595.0,2024-09-14T09:00:00,4500.0
'841,"23/Adm 05 B ""I""",54,173305,29.0,0.0,False,Lab 01,Junção,,Semanal,2023-05-05,2023-05-06,2024-11-23,2024-10-19,23602.0,2024-09-14T10:00:00,4500.0
'842,"23/Adm 05 B ""A""",54,153481,29.0,0.0,False,Sala 01,Junção,,Semanal,2023-05-05,2023-05-06,2024-11-23,2024-10-19,23589.0,2024-09-14T11:00:00,4500.0
'843,23/Adm 08 A,54,153481,27.0,0.0,False,Sala 01,Junção,,Semanal,2023-05-15,2023-06-14,2024-05-22,2024-12-18,23587.0,2024-05-15T09:00:00,3060.0
'844,23/Adm 08 I,54,170205,27.0,0.0,False,,Junção,,Semanal,2023-05-15,2023-06-14,2024-05-22,2024-12-25,,2024-05-15T10:00:00,3060.0
'845,23/Adm 08 P,54,151226,27.0,0.0,False,,Junção,,Semanal,2023-05-15,2023-06-14,2024-05-22,2024-12-25,,2024-05-15T11:00:00,3060.0
'846,23/Adm 09 P,54,153481,33.0,0.0,False,,Concluída,,Semanal,2023-05-15,2023-06-22,2025-01-16,2024-12-26,,,4500.0
'847,23/Adm 09 I,54,173305,33.0,0.0,False,,Concluída,,Semanal,2023-05-15,2023-06-22,2025-01-16,2024-12-26,,,4500.0
'848,23/Adm 09 A,54,174088,33.0,0.0,False,,Concluída,,Semanal,2023-05-15,2023-06-22,2025-01-16,2024-12-26,,,4500.0
'849,23/Adm 07 A 2,54,153481,26.0,,True,,Extinta,,,2023-05-22,2023-05-23,2023-08-15,2024-10-29,,2023-05-23T19:00:00,780.0
'850,23/Adm 07 I 2,54,147587,25.0,,True,,Extinta,,,2023-05-22,2023-05-23,2023-08-15,2024-10-29,,2023-05-23T21:00:00,780.0
'851,23/Fma 04,52,166280,13.0,1.0,False,,Concluída,,Semanal,2023-05-31,2023-06-27,2024-07-02,2024-07-30,,,5520.0
'852,23/Eng 05,53,166591,13.0,0.0,False,,Junção,,Semanal,2023-06-01,2023-07-18,2024-07-09,2025-01-06,23604.0,2024-03-26T19:00:00,9000.0
'853,23/Fma 05,52,166280,25.0,0.0,False,,Concluída,,Semanal,2023-06-13,2023-07-27,2024-07-11,,23583.0,,5520.0
'854,23/Adm 10 A,54,174088,29.0,0.0,False,,Concluída,,Semanal,2023-07-27,2023-09-12,2025-03-18,,,,4500.0
'855,23/Adm 10 P,54,153481,29.0,0.0,False,,Concluída,,Semanal,2023-07-27,2023-09-12,2025-03-25,2025-03-18,,,4500.0
'856,23/Adm 10 I,54,173305,29.0,0.0,False,,Concluída,,Semanal,2023-07-27,2023-09-12,2025-03-18,,23602.0,,4500.0
'857,23/Adm 11 A,54,174088,29.0,0.0,False,,Concluída,,Semanal,2023-08-08,2023-09-26,2025-04-29,2025-02-25,23589.0,,4500.0
'858,23/Adm 11 I,54,153481,29.0,0.0,False,,Concluída,,Semanal,2023-08-08,2023-09-26,2025-05-06,2025-02-25,23602.0,,4500.0
'859,23/Adm 11 P,54,179903,29.0,0.0,False,,Concluída,,Semanal,2023-08-08,2023-09-26,2025-04-29,2025-02-25,23595.0,,4500.0
'860,23/Cd 03,55,155675,25.0,0.0,False,,Extinta,,Semanal,2023-08-09,2023-09-26,2024-08-27,,,2023-09-26T10:00:00,5760.0
'861,23/Fma 06,52,173306,28.0,0.0,False,Sala 04,Concluída,,Semanal,2023-08-09,2023-10-26,2024-10-24,2024-10-31,23583.0,,5520.0
'862,23/Eng 06,53,166591,18.0,0.0,False,,Concluída,,Semanal,2023-08-12,2023-10-07,2025-05-10,2025-04-26,23605.0,,13500.0
'863,23/Cd 02,55,155675,15.0,0.0,True,,Junção,,Semanal,2023-08-12,2023-09-30,2024-03-09,2024-10-05,23985.0,2024-02-17T14:00:00,2160.0
'864,23/Adm 12 A,54,174088,31.0,0.0,False,,Concluída,,Semanal,2023-09-04,2023-10-25,2025-06-11,2025-04-23,23589.0,,4500.0
'865,23/Adm 12 I,54,153481,31.0,0.0,False,,Concluída,,Semanal,2023-09-04,2023-10-25,2025-06-11,2025-04-23,23602.0,,4500.0
'866,23/Adm 12 P,54,179903,31.0,0.0,False,,Concluída,,Semanal,2023-09-04,2023-10-25,2025-06-11,2025-04-23,23595.0,,4500.0
'867,23/Adm 13 A,54,174088,30.0,0.0,False,,Concluída,,Semanal,2023-10-04,2023-12-02,2025-07-05,2025-06-21,23589.0,,4500.0
'868,23/Adm 13 I,54,180847,30.0,0.0,False,,Concluída,,Semanal,2023-10-04,2023-12-02,2025-07-05,2025-06-21,23602.0,,4500.0
'869,23/Adm 13 P,54,151226,30.0,0.0,False,,Extinta,,Semanal,2023-10-04,2023-12-02,2024-02-24,2023-05-24,,2023-12-02T15:00:00,780.0
'870,23/Adm 14 A,54,174088,30.0,6.0,False,,Ativa,,Semanal,2023-10-04,2023-12-06,2025-07-02,2025-06-18,23589.0,2025-06-18T09:00:00,4500.0
'871,23/Adm 14 I,54,180847,30.0,6.0,False,,Ativa,,Semanal,2023-10-04,2023-12-06,2025-07-02,2025-06-18,23602.0,2025-06-18T10:00:00,4500.0
'872,23/Adm 14 P,54,179903,30.0,6.0,False,,Ativa,,Semanal,2023-10-04,2023-12-06,2025-07-02,2025-06-18,23595.0,2025-06-18T11:00:00,4500.0
'873,23/Fma 07,52,166280,30.0,0.0,False,,Junção,,Semanal,2023-10-06,2023-11-07,2024-07-09,2024-11-12,23580.0,2024-03-19T10:00:00,3840.0
'874,24/Fma 01,52,173306,30.0,0.0,False,,Concluída,,Semanal,2023-11-23,2024-01-10,2024-12-18,2024-12-25,23583.0,,5520.0
'875,24/Eng 01,53,166591,15.0,6.0,False,,Ativa,,Semanal,2023-11-25,2024-03-19,2025-09-16,2025-09-16,23605.0,2025-06-24T14:00:00,13500.0
'877,23/Adm 13  P,54,179903,38.0,0.0,False,Lab 02,Concluída,,Semanal,2023-12-02,2023-12-02,2025-07-05,2025-06-21,23595.0,,4500.0
'878,24/Adm 01 A,54,174088,30.0,13.0,False,,Ativa,,Semanal,2023-12-02,2024-01-10,2025-08-06,2025-06-18,23589.0,2025-06-18T19:00:00,4500.0
'879,24/Adm 01 I,54,180847,30.0,13.0,False,,Ativa,,Semanal,2023-12-02,2024-01-10,2025-08-06,2025-06-18,23602.0,2025-06-18T20:00:00,4500.0
'880,24/Adm 01 P,54,179903,30.0,13.0,False,,Ativa,,Semanal,2023-12-02,2024-01-10,2025-08-06,2025-06-18,23595.0,2025-06-18T21:00:00,4500.0
'881,24/Eng 02,53,166591,15.0,4.0,False,,Ativa,,Semanal,2023-12-06,2024-01-11,2025-08-07,2025-07-03,23605.0,2025-06-19T19:00:00,13500.0
'882,24/Fma 02,52,173306,30.0,0.0,False,Lab 01,Concluída,,Semanal,2024-01-23,2024-03-09,2025-03-08,2025-03-15,23583.0,,5520.0
'883,24/Adm 02 A,56,153481,25.0,0.0,False,Lab 01,Extinta,,Semanal,2024-01-23,2024-03-07,2024-05-30,2025-09-18,23584.0,2024-03-07T14:00:00,780.0
'884,24/Adm 02 P,54,153481,25.0,0.0,False,Lab 02,Extinta,,Semanal,2024-01-23,2024-03-07,2024-03-07,2025-09-18,23592.0,,720.0
'885,24/Adm 02 I,54,170205,25.0,0.0,False,Lab 03,Extinta,,Semanal,2024-01-23,2024-03-07,2024-03-07,2025-09-18,23596.0,,780.0
'886,24/Adm 03 A,54,174088,30.0,10.0,False,Lab 01,Ativa,,Semanal,2024-01-31,2024-03-19,2025-09-09,2025-09-23,23589.0,2025-06-24T09:00:00,4500.0
'887,24/Adm 03 I,54,180847,30.0,10.0,False,Lab 01,Ativa,,Semanal,2024-01-31,2024-03-19,2025-09-09,2025-09-23,23602.0,2025-06-24T10:00:00,4500.0
'888,24/Adm 03 P,54,179903,30.0,10.0,False,Lab 02,Ativa,,Semanal,2024-01-31,2024-03-19,2025-09-09,2025-09-23,23595.0,2025-06-24T11:00:00,4500.0
'889,24/Adm 04 A,54,153481,25.0,0.0,False,Lab 01,Junção,,Semanal,2024-02-12,2024-04-18,2024-07-11,2025-10-23,23584.0,2024-04-18T19:00:00,780.0
'891,24/Adm 04 P,54,166935,25.0,0.0,False,Lab 03,Junção,,Semanal,2024-02-12,2024-04-18,2024-07-11,2025-10-23,23590.0,2024-04-18T21:00:00,780.0
'892,24/Adm 04 I,54,170205,25.0,0.0,False,Lab 02,Junção,,Semanal,2024-02-15,2024-04-18,2024-07-11,2025-10-23,23596.0,2024-04-18T20:00:00,780.0
'893,24/Fma 03,52,173306,25.0,0.0,False,Sala 02,Concluída,,Semanal,2024-03-05,2024-04-23,2025-06-03,2025-04-29,23583.0,,5520.0
'894,24/Adm 05 A,54,153481,25.0,0.0,False,Lab 01,Extinta,,Semanal,2024-03-23,2024-05-11,2024-08-03,2025-11-15,23584.0,2024-06-01T13:00:00,780.0
'895,24/Adm 05 P,54,166935,25.0,0.0,False,Lab 03,Extinta,,Semanal,2024-03-23,2024-05-11,2024-08-03,2025-11-15,23590.0,2024-06-01T14:00:00,780.0
'896,24/Adm 05 I,54,170205,25.0,0.0,False,,Extinta,,Semanal,2024-03-23,2024-05-11,2024-08-03,2025-11-15,23596.0,2024-06-01T15:00:00,780.0
'897,24/Eng 03,53,166591,15.0,0.0,True,Lab 03,Extinta,,Semanal,2024-04-23,2024-07-09,2025-01-07,2025-12-30,,2024-07-09T19:00:00,4500.0
'898,24/Adm 06 A,56,153481,20.0,0.0,False,Sala 01,Junção,,Semanal,2024-04-25,2024-06-06,2024-08-29,2025-12-11,,2024-06-06T09:00:00,780.0
'899,24/Adm 06 P,56,166935,20.0,0.0,True,Sala 01,Junção,,Semanal,2024-04-25,2024-06-06,2024-08-29,2025-12-11,,2024-06-06T10:00:00,780.0
'900,24/Adm 06 I,56,170205,20.0,0.0,True,Lab 01,Junção,,Semanal,2024-04-25,2024-06-06,2024-08-29,2025-12-11,,2024-06-06T11:00:00,780.0
'901,24/Fma 04,52,173306,20.0,0.0,False,,Concluída,,Semanal,2024-05-03,2024-06-27,2025-05-29,2025-07-03,23583.0,,5520.0
'902,24/Adm 07 A 2.0,56,174088,29.0,11.0,False,Lab 01,Ativa,,Semanal,2024-05-10,2024-06-19,2025-07-09,2025-12-17,24038.0,2025-06-18T14:00:00,3060.0
'903,24/Adm 07 I 2.0,56,180847,29.0,11.0,False,Lab 02,Ativa,,Semanal,2024-05-10,2024-06-19,2025-07-02,2025-12-17,24050.0,2025-06-18T15:00:00,3000.0
'904,24/Adm 07 P 2.0,56,179903,29.0,11.0,False,Lab 03,Ativa,,Semanal,2024-05-10,2024-06-19,2025-07-16,2025-12-17,24044.0,2025-06-18T16:00:00,3060.0
'905,24/Adm 05 A 2.0,56,174088,25.0,24.0,False,,Ativa,,Semanal,2024-05-27,2024-05-11,2025-06-21,2025-11-15,,2025-06-21T13:00:00,3060.0
'906,24/Adm 05 P 2.0,56,179903,25.0,24.0,False,,Ativa,,Semanal,2024-05-27,2024-05-11,2025-06-21,2025-11-15,,2025-06-21T14:00:00,3060.0
'907,24/Adm 05 I 2.0,56,180847,25.0,24.0,False,,Ativa,,Semanal,2024-05-27,2024-05-11,2025-06-14,2025-11-15,,,3000.0
'908,24/Adm 02 A 2.0,56,174088,25.0,17.0,False,Lab 05,Ativa,,Semanal,2024-06-05,2024-03-07,2025-06-19,2025-09-18,24039.0,2025-06-12T14:00:00,3780.0
'909,24/Adm 02 I 2.0,56,180847,25.0,17.0,False,,Ativa,,Semanal,2024-06-05,2024-03-07,2025-06-19,2025-09-18,24051.0,2025-06-12T14:00:00,3720.0
'910,24/Adm 02 P 2.0,56,179903,25.0,17.0,False,,Ativa,,Semanal,2024-06-05,2024-03-07,2025-06-26,2025-09-18,24045.0,2025-06-19T14:00:00,3780.0
'911,24/Adm 04 A 2.0,56,174088,30.0,16.0,False,,Ativa,,Semanal,2024-06-07,2024-04-18,2025-07-31,2025-10-23,24039.0,2025-06-19T19:00:00,3780.0
'912,24/Adm 04 P 2.0,56,179903,30.0,16.0,False,,Ativa,,Semanal,2024-06-07,2024-04-18,2025-07-31,2025-10-23,24045.0,2025-06-19T20:00:00,3780.0
'913,24/Adm 04 I 2.0,56,180847,30.0,16.0,False,,Ativa,,Semanal,2024-06-07,2024-04-18,2025-07-31,2025-10-23,24051.0,2025-06-19T21:00:00,3720.0
'914,24/Adm 06 A 2.0,56,174088,30.0,25.0,False,,Ativa,,Semanal,2024-06-11,2024-07-20,2026-02-14,2026-01-10,24038.0,2025-06-21T09:00:00,4500.0
'915,24/Adm 06 I 2.0,56,180847,30.0,25.0,False,,Ativa,,Semanal,2024-06-11,2024-07-20,2026-02-07,2026-01-10,24050.0,2025-06-21T10:00:00,4440.0
'916,24/Adm 06 P 2.0,56,179903,30.0,25.0,False,,Ativa,,Semanal,2024-06-11,2024-07-20,2026-02-14,2026-01-10,24044.0,2025-06-21T11:00:00,4500.0
'917,24/Eng 03 2.0,57,166591,15.0,0.0,False,Sala 01,Extinta,,Semanal,2024-06-21,2024-07-09,2025-07-29,2025-01-07,24278.0,2025-04-29T19:00:00,9000.0
'918,24/Adm 08 A 2.0,56,174088,25.0,16.0,False,Sala 01,Ativa,,Semanal,2024-07-02,2024-08-14,2025-08-27,2026-02-11,24038.0,2025-06-18T19:00:00,3060.0
'919,24/Adm 08 P 2.0,56,179903,25.0,16.0,False,Sala 01,Ativa,,Semanal,2024-07-02,2024-08-14,2025-08-27,2026-02-11,24044.0,2025-06-18T20:00:00,3060.0
'920,24/Adm 08 I 2.0,56,180847,25.0,16.0,False,Lab 01,Ativa,,Semanal,2024-07-02,2024-08-14,2025-08-20,2026-02-11,24050.0,2025-06-18T21:00:00,3000.0
'921,24/Fma 05,52,173306,30.0,12.0,False,Lab 01,Ativa,,Semanal,2024-07-09,2024-08-14,2025-07-23,2025-08-21,,2025-06-18T10:00:00,5520.0
'922,24/Eng 04 2.0,57,166591,10.0,8.0,False,,Ativa,,Semanal,2024-07-15,2024-09-05,2025-09-04,2026-03-05,24278.0,2025-06-19T09:00:00,9000.0
'923,24/Adm 09 A 2.0,56,174088,25.0,13.0,False,Sala 01,Ativa,,Semanal,2024-08-05,2024-09-03,2025-09-09,2026-03-10,24038.0,2025-06-24T14:00:00,3060.0
'924,24/Adm 09 P 2.0,56,179903,25.0,13.0,False,Sala 01,Ativa,,Semanal,2024-08-05,2024-09-03,2025-09-09,2026-03-10,24044.0,2025-06-24T15:00:00,3060.0
'925,24/Adm 09 I 2.0,56,180847,25.0,13.0,False,Lab 01,Ativa,,Semanal,2024-08-05,2024-09-03,2025-09-09,2026-03-10,24050.0,2025-06-24T16:00:00,3000.0
'926,24/Fma 06,52,173306,25.0,25.0,False,Lab 01,Ativa,,Semanal,2024-08-13,2024-09-14,2025-07-12,2025-09-20,23581.0,2025-06-21T10:00:00,4560.0
'927,24/Adm 10 A 2.0,56,174088,25.0,17.0,False,,Ativa,,Semanal,2024-08-23,2024-09-18,2025-07-09,2026-03-18,24037.0,2025-06-18T09:00:00,2340.0
'928,24/Adm 10 P 2.0,56,179903,25.0,17.0,False,,Ativa,,Semanal,2024-08-23,2024-09-18,2025-07-09,2026-03-18,24043.0,2025-06-18T10:00:00,2340.0
'929,24/Adm 10 I 2.0,56,180847,25.0,17.0,False,,Ativa,,Semanal,2024-08-23,2024-09-18,2025-07-02,2026-03-18,24049.0,2025-06-18T11:00:00,2280.0
'930,24/Adm 11 I 2.0,56,180847,25.0,23.0,False,Lab 01,Ativa,,Semanal,2024-09-09,2024-10-10,2026-04-30,2026-04-23,24049.0,2025-06-19T19:00:00,4440.0
'931,24/Adm 11 A 2.0,56,174088,25.0,23.0,False,Sala 01,Ativa,,Semanal,2024-09-09,2024-10-10,2026-04-30,2026-04-23,24037.0,2025-06-19T20:00:00,4500.0
'932,24/Adm 11 P 2.0,56,179903,25.0,23.0,False,,Ativa,,Semanal,2024-09-09,2024-10-10,2026-04-30,2026-04-23,24043.0,2025-06-19T21:00:00,4500.0
'933,24/Fma 07,52,173306,25.0,12.0,False,Lab 01,Ativa,,Semanal,2024-09-14,2024-10-22,2025-06-24,2025-10-22,23580.0,2025-06-24T14:00:00,3840.0
'934,24/Eng 05 2.0,57,166591,15.0,23.0,False,Sala 03,Ativa,,Semanal,2024-09-23,2024-11-09,2025-11-22,2026-05-09,24278.0,2025-06-21T09:00:00,9000.0
'935,24/Adm 12 2.0 A,56,174088,24.0,0.0,False,Sala 01,Junção,,Semanal,2024-10-02,2024-11-07,2026-05-21,2026-05-07,24037.0,2025-06-19T09:00:00,4500.0
'936,24/Adm 12 2.0 P,56,179903,24.0,0.0,False,Sala 02,Junção,,Semanal,2024-10-02,2024-11-07,2026-05-21,2026-05-07,24043.0,2025-06-19T10:00:00,4500.0
'937,24/Adm 12 2.0 I,56,180847,24.0,0.0,False,Sala 01,Junção,,Semanal,2024-10-02,2024-11-07,2026-05-21,2026-05-07,24049.0,2025-06-19T11:00:00,4440.0
'938,24/Adm 13 P 2.0,56,179903,28.0,29.0,False,,Ativa,,Semanal,2024-10-30,2024-11-23,2025-09-13,2026-04-25,24043.0,2025-06-21T10:00:00,2340.0
'939,24/Adm 13 A 2.0,56,174088,28.0,29.0,False,,Ativa,,Semanal,2024-10-30,2024-11-23,2025-09-13,2026-04-25,24037.0,2025-06-21T09:00:00,2340.0
'940,24/Adm 13 T 2.0,56,180847,28.0,29.0,False,,Ativa,,Semanal,2024-10-30,2024-11-23,2025-09-06,2026-04-25,24049.0,2025-06-21T11:00:00,2280.0
'941,24/Fma 08,52,173306,25.0,16.0,False,,Ativa,,Semanal,2024-11-04,2024-12-05,2025-07-31,2025-12-04,23580.0,2025-06-19T19:00:00,3840.0
'942,24/Adm 14 A 2.0,56,174088,25.0,29.0,False,Sala 01,Ativa,,Semanal,2024-11-08,2024-12-09,2025-07-07,2026-06-01,24036.0,2025-06-23T14:00:00,1620.0
'943,24/Adm 14 I 2.0,56,180847,25.0,29.0,False,Sala 02,Ativa,,Semanal,2024-11-08,2024-12-09,2025-06-30,2026-06-01,24048.0,2025-06-23T15:00:00,1560.0
'944,24/Adm 14 P 2.0,56,179903,25.0,29.0,False,Sala 03,Ativa,,Semanal,2024-11-08,2024-12-09,2025-07-07,2026-06-01,24042.0,2025-06-23T16:00:00,1620.0
'945,25/Adm 01 A 2.0,56,174088,25.0,24.0,False,,Ativa,,Semanal,2024-12-03,2025-01-07,2025-07-15,2026-07-14,24036.0,2025-06-24T19:00:00,1620.0
'946,25/Adm 01 I 2.0,56,180847,25.0,24.0,False,,Ativa,,Semanal,2024-12-03,2025-01-07,2025-07-08,2026-07-14,24048.0,2025-06-24T20:00:00,1560.0
'947,25/Adm 01 P 2.0,56,179903,25.0,24.0,False,,Ativa,,Semanal,2024-12-03,2025-01-07,2025-07-15,2026-07-14,24042.0,2025-06-24T21:00:00,1620.0
'948,25/Eng 01 2.0,57,166591,15.0,13.0,False,,Ativa,,Semanal,2024-12-05,2025-01-15,2025-07-09,2026-07-15,24277.0,2025-06-18T19:00:00,4500.0
'949,25/Fma 01,52,173306,25.0,17.0,False,,Ativa,,Semanal,2024-12-11,2025-02-04,2025-09-16,2026-01-21,23580.0,2025-06-24T10:00:00,3840.0
'950,25/Adm 02 A 2.0,56,174088,25.0,26.0,False,Sala 01,Ativa,,Semanal,2025-01-02,2025-01-30,2026-07-23,2026-07-30,24036.0,2025-06-19T09:00:00,4500.0
'951,25/Adm 02 P 2.0,56,179903,25.0,26.0,False,Sala 01,Ativa,,Semanal,2025-01-02,2025-01-30,2026-07-23,2026-07-30,24042.0,2025-06-19T10:00:00,4500.0
'952,25/Adm 02 I 2.0,56,180847,25.0,26.0,False,Sala 02,Ativa,,Semanal,2025-01-02,2025-01-30,2026-07-16,2026-07-30,24048.0,2025-06-19T11:00:00,4440.0
'953,25/Fma 02,52,173306,20.0,22.0,False,,Ativa,,Semanal,2025-01-29,2025-03-12,2025-10-15,2026-03-04,,2025-06-18T14:00:00,3840.0
'954,25/Adm 03 A 2.0,56,174088,30.0,27.0,False,,Ativa,,Semanal,2025-01-29,2025-03-06,2026-08-27,2026-09-10,24036.0,2025-06-19T14:00:00,4500.0
'955,25/Adm 03 I 2.0,56,180847,30.0,27.0,False,,Ativa,,Semanal,2025-01-29,2025-03-06,2026-08-20,2026-09-10,24048.0,2025-06-19T15:00:00,4440.0
'956,25/Adm 03 P 2.0,56,179903,30.0,27.0,False,,Ativa,,Semanal,2025-01-29,2025-03-06,2026-08-27,2026-09-10,24042.0,2025-06-19T16:00:00,4500.0
'957,25/Eng 02 2.0,57,166591,20.0,13.0,False,,Ativa,,Semanal,2025-02-14,2025-03-27,2025-09-18,2026-09-03,24277.0,2025-06-19T14:00:00,4500.0
'958,25/Adm 04 2.0 A,56,174088,25.0,23.0,False,,Ativa,,Semanal,2025-02-27,2025-04-08,2025-07-01,2026-10-06,24035.0,2025-06-24T19:00:00,780.0
'959,25/Adm 04 2.0 I,56,180847,25.0,23.0,False,,Ativa,,Semanal,2025-02-27,2025-04-08,2025-07-01,2026-10-06,24047.0,2025-06-24T20:00:00,780.0
'960,25/Adm 04 2.0 P,56,179903,25.0,23.0,False,,Ativa,,Semanal,2025-02-27,2025-04-08,2025-07-01,2026-10-06,24041.0,2025-06-24T21:00:00,780.0
'961,25/Adm 05 A 2.0,56,174088,25.0,25.0,False,,Ativa,,Semanal,2025-03-17,2025-04-30,2025-07-23,2026-10-28,24035.0,2025-06-18T14:00:00,780.0
'962,25/Adm 05 I 2.0,56,180847,25.0,25.0,False,,Ativa,,Semanal,2025-03-17,2025-04-30,2025-07-23,2026-10-28,24047.0,2025-06-18T15:00:00,780.0
'963,25/Adm 05 P 2.0,56,179903,25.0,25.0,False,,Ativa,,Semanal,2025-03-17,2025-04-30,2025-07-23,2026-10-28,24041.0,2025-06-18T16:00:00,780.0
'964,25/Fma 03,58,173306,25.0,20.0,False,,Ativa,,Semanal,2025-03-25,2025-04-26,2026-03-21,2026-04-25,24358.0,2025-06-21T13:00:00,5640.0
'965,25/Eng 03 2.0,57,166591,20.0,22.0,False,,Ativa,,Semanal,2025-03-26,2025-05-03,2025-10-18,2026-11-07,24277.0,2025-06-21T13:00:00,4500.0
'966,25/Adm 06 A 2.0,56,174088,25.0,11.0,False,Sala 01,Ativa,,Semanal,2025-04-04,2025-05-06,2025-07-29,2026-11-03,24035.0,2025-06-24T09:00:00,780.0
'967,25/Adm 06 P 2.0,56,179903,25.0,11.0,False,Sala 02,Ativa,,Semanal,2025-04-04,2025-05-06,2025-07-29,2026-11-03,24041.0,2025-06-24T11:00:00,780.0
'968,25/Adm 06 I 2.0,56,180847,25.0,11.0,False,Sala 03,Ativa,,Semanal,2025-04-04,2025-05-06,2025-07-29,2026-11-03,24047.0,2025-06-24T10:00:00,780.0
'969,25/Fma 04 2.0,58,173306,25.0,10.0,True,,Ativa,,Semanal,2025-04-24,2025-06-10,2025-08-26,2026-06-09,24358.0,2025-06-24T19:00:00,1440.0
'970,25 Eng/Infor - Kids 01,57,181177,20.0,11.0,False,,Ativa,,Semanal,2025-04-29,2025-05-19,2026-11-09,2026-05-18,24277.0,2025-06-23T09:00:00,13500.0
'971,25 Eng/Infor - Kids 02,57,181177,20.0,19.0,False,,Ativa,,Semanal,2025-04-29,2025-05-19,2026-11-09,2026-05-18,24277.0,2025-06-23T14:00:00,13500.0
'972,25/Adm 07 A 2.0,56,174088,25.0,30.0,False,,Ativa,,Semanal,2025-04-29,2025-06-07,2025-08-30,2026-12-05,24035.0,2025-06-21T13:00:00,780.0
'973,25/Adm 07 P 2.0,56,179903,25.0,30.0,False,,Ativa,,Semanal,2025-04-29,2025-06-07,2025-08-30,2026-12-05,24041.0,2025-06-21T14:00:00,780.0
'974,25/Adm 07 I 2.0,56,180847,25.0,30.0,False,,Ativa,,Semanal,2025-04-29,2025-06-07,2025-08-30,2026-12-05,24047.0,2025-06-21T15:00:00,780.0
'975,25/Adm 08 A 2.0,56,174088,25.0,17.0,False,,Ativa,,Semanal,2025-04-30,2025-06-09,2025-09-01,2026-12-07,24035.0,2025-06-23T19:00:00,780.0
'976,25/Adm 08 P 2.0,56,179903,25.0,17.0,False,,Ativa,,Semanal,2025-04-30,2025-06-09,2026-11-30,2026-12-07,24041.0,2025-06-23T20:00:00,4500.0
'977,25/Adm 08 I 2.0,56,180847,25.0,17.0,False,,Ativa,,Semanal,2025-04-30,2025-06-09,2026-11-23,2026-12-07,24047.0,2025-06-23T21:00:00,4440.0
'978,25/Eng 04 2.0,57,181177,15.0,4.0,True,Sala 01,Ativa,,Semanal,2025-05-02,2025-06-17,2025-12-02,2026-12-15,24277.0,2025-06-24T09:00:00,4500.0
'979,25 Eng/Infor - Kids 03,57,181177,20.0,7.0,True,,A Iniciar,,Semanal,2025-06-05,2025-06-27,2025-12-12,2026-06-26,,2025-06-27T09:00:00,4500.0
'980,25 Eng/Infor - Kids 04,57,181177,20.0,10.0,True,,A Iniciar,,Semanal,2025-06-05,2025-06-27,2025-12-12,2026-06-26,,2025-06-27T14:00:00,4500.0
'981,25/Adm 09 A 2.0,56,174088,25.0,12.0,True,,A Iniciar,,Semanal,2025-06-05,2025-07-15,2026-12-22,2027-01-12,,2025-07-15T14:00:00,4500.0
'982,25/Adm 09 I 2.0,56,180847,25.0,9.0,True,,A Iniciar,,Semanal,2025-06-05,2025-07-15,2026-12-15,2027-01-12,,2025-07-15T15:00:00,4440.0
'983,25/Adm 09 P 2.0,56,179903,25.0,9.0,True,,A Iniciar,,Semanal,2025-06-05,2025-07-15,2026-12-22,2027-01-12,,2025-07-15T16:00:00,4500.0
